-- ChessSchool seed. Refreshes curriculum + session table; PRESERVES user data (auth tables IF NOT EXISTS).
PRAGMA foreign_keys=OFF;
DROP TABLE IF EXISTS semesters;
DROP TABLE IF EXISTS lessons;
DROP TABLE IF EXISTS game_sessions;
DROP TABLE IF EXISTS classes;
CREATE TABLE `classes` ( `id` text PRIMARY KEY NOT NULL, `semester_id` text NOT NULL, `title` text NOT NULL, `emoji` text DEFAULT '♟️' NOT NULL, `blurb` text DEFAULT '' NOT NULL, `difficulty` integer DEFAULT 1 NOT NULL, `exam_id` text, `sort_order` integer DEFAULT 0 NOT NULL, FOREIGN KEY (`semester_id`) REFERENCES `semesters`(`id`) ON UPDATE no action ON DELETE cascade );
CREATE TABLE `game_sessions` ( `id` text PRIMARY KEY NOT NULL, `fen` text NOT NULL, `pgn` text DEFAULT '' NOT NULL, `last_from` text, `last_to` text, `turn` text DEFAULT 'w' NOT NULL, `status` text DEFAULT 'waiting' NOT NULL, `result` text, `black_joined` integer DEFAULT 0 NOT NULL, `time_control_min` integer DEFAULT 10 NOT NULL, `white_ms` integer DEFAULT 600000 NOT NULL, `black_ms` integer DEFAULT 600000 NOT NULL, `created_at` integer NOT NULL, `updated_at` integer NOT NULL );
CREATE TABLE IF NOT EXISTS `lesson_records` ( `id` text PRIMARY KEY NOT NULL, `user_id` text NOT NULL, `lesson_id` text NOT NULL, `mastery` real DEFAULT 0 NOT NULL, `attempts` integer DEFAULT 0 NOT NULL, `last_seen` integer DEFAULT 0 NOT NULL, `due_at` integer DEFAULT 0 NOT NULL, FOREIGN KEY (`user_id`) REFERENCES `users`(`id`) ON UPDATE no action ON DELETE cascade );
CREATE TABLE `lessons` ( `id` text PRIMARY KEY NOT NULL, `class_id` text NOT NULL, `title` text NOT NULL, `subtitle` text DEFAULT '' NOT NULL, `emoji` text DEFAULT '♟️' NOT NULL, `tag` text DEFAULT 'drill' NOT NULL, `xp` integer DEFAULT 20 NOT NULL, `is_exam` integer DEFAULT 0 NOT NULL, `prerequisites` text DEFAULT '[]' NOT NULL, `steps` text NOT NULL, `sort_order` integer DEFAULT 0 NOT NULL, FOREIGN KEY (`class_id`) REFERENCES `classes`(`id`) ON UPDATE no action ON DELETE cascade );
CREATE TABLE IF NOT EXISTS `profiles` ( `user_id` text PRIMARY KEY NOT NULL, `student_no` text NOT NULL, `enrolled_at` integer NOT NULL, `rank_title` text DEFAULT 'Novice' NOT NULL, `avatar_url` text, `goal` text, `house` text, `onboarded` integer DEFAULT 0 NOT NULL, FOREIGN KEY (`user_id`) REFERENCES `users`(`id`) ON UPDATE no action ON DELETE cascade );
CREATE TABLE IF NOT EXISTS `progress` ( `user_id` text PRIMARY KEY NOT NULL, `xp` integer DEFAULT 0 NOT NULL, `streak` integer DEFAULT 0 NOT NULL, `last_active_day` text, `daily_goal_xp` integer DEFAULT 50 NOT NULL, `graduated_classes` text DEFAULT '[]' NOT NULL, `updated_at` integer DEFAULT 0 NOT NULL, FOREIGN KEY (`user_id`) REFERENCES `users`(`id`) ON UPDATE no action ON DELETE cascade );
CREATE TABLE `semesters` ( `id` text PRIMARY KEY NOT NULL, `title` text NOT NULL, `blurb` text DEFAULT '' NOT NULL, `color` text DEFAULT '#5b5bd6' NOT NULL, `stage` text DEFAULT 'elementary' NOT NULL, `sort_order` integer DEFAULT 0 NOT NULL );
CREATE TABLE IF NOT EXISTS `sessions` ( `id` text PRIMARY KEY NOT NULL, `user_id` text NOT NULL, `expires_at` integer NOT NULL, FOREIGN KEY (`user_id`) REFERENCES `users`(`id`) ON UPDATE no action ON DELETE cascade );
CREATE TABLE IF NOT EXISTS `users` ( `id` text PRIMARY KEY NOT NULL, `email` text NOT NULL, `password_hash` text NOT NULL, `name` text NOT NULL, `role` text DEFAULT 'student' NOT NULL, `created_at` integer NOT NULL );
INSERT INTO semesters (id,title,blurb,color,stage,sort_order) VALUES ('sem-foundations','Foundations','How the pieces move and how games end','#5b5bd6','elementary',0);
INSERT INTO semesters (id,title,blurb,color,stage,sort_order) VALUES ('sem-openings','Opening School','Start every game like a pro','#0f7a55','middle',1);
INSERT INTO semesters (id,title,blurb,color,stage,sort_order) VALUES ('sem-tactics','Tactics Lab','Win material with combinations','#cf4324','middle',2);
INSERT INTO semesters (id,title,blurb,color,stage,sort_order) VALUES ('sem-endgame','Endgame School','Convert advantages into wins','#7c5cd6','middle',3);
INSERT INTO semesters (id,title,blurb,color,stage,sort_order) VALUES ('sem-gen-openings','Opening Theory','The famous openings','#f59e0b','high',4);
INSERT INTO semesters (id,title,blurb,color,stage,sort_order) VALUES ('sem-master-mates','Famous Checkmates','The classic mating patterns every master knows','#7c3aed','master',5);
INSERT INTO semesters (id,title,blurb,color,stage,sort_order) VALUES ('sem-master-games','Immortal Games','Learn from the masters'' brilliancies','#b8860b','master',6);
INSERT INTO classes (id,semester_id,title,emoji,blurb,difficulty,exam_id,sort_order) VALUES ('class-pieces','sem-foundations','Piece Movement','♟️','Pawns, rooks & knights',1,'exam-pieces',0);
INSERT INTO classes (id,semester_id,title,emoji,blurb,difficulty,exam_id,sort_order) VALUES ('class-checkmate','sem-foundations','Checks & Checkmates','👑','Attack the king and finish',1,NULL,1);
INSERT INTO classes (id,semester_id,title,emoji,blurb,difficulty,exam_id,sort_order) VALUES ('class-principles','sem-openings','Opening Principles','🚀','Centre, develop, castle',2,NULL,2);
INSERT INTO classes (id,semester_id,title,emoji,blurb,difficulty,exam_id,sort_order) VALUES ('class-openings','sem-openings','Famous Openings','📖','Italian, Ruy Lopez & Sicilian',2,NULL,3);
INSERT INTO classes (id,semester_id,title,emoji,blurb,difficulty,exam_id,sort_order) VALUES ('class-tactics','sem-tactics','Tactical Motifs','🍴','Forks & combinations',3,NULL,4);
INSERT INTO classes (id,semester_id,title,emoji,blurb,difficulty,exam_id,sort_order) VALUES ('class-advtactics','sem-tactics','Advanced Tactics','🎯','Pins, skewers & discoveries',3,NULL,5);
INSERT INTO classes (id,semester_id,title,emoji,blurb,difficulty,exam_id,sort_order) VALUES ('class-endgame','sem-endgame','Essential Endgames','🤴','Opposition, promotion & mates',3,NULL,6);
INSERT INTO classes (id,semester_id,title,emoji,blurb,difficulty,exam_id,sort_order) VALUES ('sem-gen-openings-c1','sem-gen-openings','Italian Game','🇮🇹','1.e4 e5 2.Nf3 Nc6 3.Bc4',2,NULL,7);
INSERT INTO classes (id,semester_id,title,emoji,blurb,difficulty,exam_id,sort_order) VALUES ('sem-gen-openings-c2','sem-gen-openings','Ruy Lopez','🇪🇸','1.e4 e5 2.Nf3 Nc6 3.Bb5',2,NULL,8);
INSERT INTO classes (id,semester_id,title,emoji,blurb,difficulty,exam_id,sort_order) VALUES ('sem-gen-openings-c3','sem-gen-openings','Sicilian Defense','⚔️','The Open Sicilian',2,NULL,9);
INSERT INTO classes (id,semester_id,title,emoji,blurb,difficulty,exam_id,sort_order) VALUES ('sem-gen-openings-c4','sem-gen-openings','French Defense','🇫🇷','1.e4 e6 2.d4 d5',2,NULL,10);
INSERT INTO classes (id,semester_id,title,emoji,blurb,difficulty,exam_id,sort_order) VALUES ('sem-gen-openings-c5','sem-gen-openings','Caro-Kann','🛡️','1.e4 c6 2.d4 d5',2,NULL,11);
INSERT INTO classes (id,semester_id,title,emoji,blurb,difficulty,exam_id,sort_order) VALUES ('sem-gen-openings-c6','sem-gen-openings','Scandinavian','🇩🇰','1.e4 d5',2,NULL,12);
INSERT INTO classes (id,semester_id,title,emoji,blurb,difficulty,exam_id,sort_order) VALUES ('sem-gen-openings-c7','sem-gen-openings','Queen''s Gambit','♕','1.d4 d5 2.c4',2,NULL,13);
INSERT INTO classes (id,semester_id,title,emoji,blurb,difficulty,exam_id,sort_order) VALUES ('sem-gen-openings-c8','sem-gen-openings','King''s Indian','🏰','1.d4 Nf6 2.c4 g6',2,NULL,14);
INSERT INTO classes (id,semester_id,title,emoji,blurb,difficulty,exam_id,sort_order) VALUES ('sem-gen-openings-c9','sem-gen-openings','London System','🌉','1.d4 d5 2.Nf3 Nf6 3.Bf4',2,NULL,15);
INSERT INTO classes (id,semester_id,title,emoji,blurb,difficulty,exam_id,sort_order) VALUES ('sem-gen-openings-c10','sem-gen-openings','English Opening','🏴','1.c4 e5 2.Nc3',2,NULL,16);
INSERT INTO classes (id,semester_id,title,emoji,blurb,difficulty,exam_id,sort_order) VALUES ('sem-master-mates-c1','sem-master-mates','Mating Patterns 1','♚','3 patterns',5,NULL,17);
INSERT INTO classes (id,semester_id,title,emoji,blurb,difficulty,exam_id,sort_order) VALUES ('sem-master-mates-c2','sem-master-mates','Mating Patterns 2','♚','3 patterns',5,NULL,18);
INSERT INTO classes (id,semester_id,title,emoji,blurb,difficulty,exam_id,sort_order) VALUES ('sem-master-games-c1','sem-master-games','Brilliant Finishes','🎭','2 games',5,NULL,19);
INSERT INTO lessons (id,class_id,title,subtitle,emoji,tag,xp,is_exam,prerequisites,steps,sort_order) VALUES ('board-basics','class-pieces','The Battlefield','Meet the board','🪵','basics',20,0,'[]','[{"id":"intro","kind":"info","coach":"Welcome to the academy! Chess is played on 64 squares. White always moves first.","fen":"rnbqkbnr/pppppppp/8/8/8/8/PPPPPPPP/RNBQKBNR w KQkq - 0 1"},{"id":"watch-open","kind":"observe","coach":"Watch a calm opening: both sides claim the centre with their e-pawns.","fen":"rnbqkbnr/pppppppp/8/8/8/8/PPPPPPPP/RNBQKBNR w KQkq - 0 1","moves":["e2:e4","e7:e5"]}]',0);
INSERT INTO lessons (id,class_id,title,subtitle,emoji,tag,xp,is_exam,prerequisites,steps,sort_order) VALUES ('pawn-power','class-pieces','Pawn Power','Move & capture','♟️','pawns',30,0,'["board-basics"]','[{"id":"center","kind":"move","coach":"Pawns move forward. Push your e-pawn two squares to grab the centre!","fen":"rnbqkbnr/pppppppp/8/8/8/8/PPPPPPPP/RNBQKBNR w KQkq - 0 1","solution":["e2:e4"],"highlight":["e2"],"arrows":[{"startSquare":"e2","endSquare":"e4","color":"#34d399"}],"successText":"Beautiful — the centre is yours!","failText":"Try pushing the e-pawn (e2) up two squares to e4.","tag":"pawns"},{"id":"capture","kind":"move","coach":"Pawns capture diagonally. Take the enemy pawn!","fen":"k7/8/8/3p4/4P3/8/8/7K w - - 0 1","solution":["e4:d5"],"highlight":["e4","d5"],"successText":"Snap! That''s how pawns capture.","failText":"Capture diagonally: move your e4 pawn onto d5.","tag":"pawns"}]',1);
INSERT INTO lessons (id,class_id,title,subtitle,emoji,tag,xp,is_exam,prerequisites,steps,sort_order) VALUES ('rook-roads','class-pieces','Rook Roads','Straight lines','🏰','rooks',30,0,'["pawn-power"]','[{"id":"info","kind":"info","coach":"Rooks slide any distance in straight lines — along ranks and files.","fen":"k7/8/8/8/3p4/8/8/3R3K w - - 0 1","arrows":[{"startSquare":"d1","endSquare":"d4","color":"#5b5bd6"}]},{"id":"capture","kind":"move","coach":"Use your rook''s straight-line power to capture the pawn.","fen":"k7/8/8/8/3p4/8/8/3R3K w - - 0 1","solution":["d1:d4"],"highlight":["d1","d4"],"successText":"Direct hit! Rooks love open files.","failText":"Slide the rook straight up the d-file onto d4.","tag":"rooks"}]',2);
INSERT INTO lessons (id,class_id,title,subtitle,emoji,tag,xp,is_exam,prerequisites,steps,sort_order) VALUES ('knight-hops','class-pieces','Knight Hops','The L-shape','🐴','knights',35,0,'["rook-roads"]','[{"id":"info","kind":"info","coach":"Knights move in an L: two squares one way, then one across. They leap over pieces!","fen":"k7/8/4p3/8/3N4/8/8/7K w - - 0 1","arrows":[{"startSquare":"d4","endSquare":"e6","color":"#5b5bd6"}]},{"id":"capture","kind":"move","coach":"Hop your knight in an L to capture the pawn on e6.","fen":"k7/8/4p3/8/3N4/8/8/7K w - - 0 1","solution":["d4:e6"],"highlight":["d4","e6"],"successText":"Nice leap! That''s the knight''s superpower.","failText":"From d4, the L-shaped hop to e6 captures the pawn.","tag":"knights"}]',3);
INSERT INTO lessons (id,class_id,title,subtitle,emoji,tag,xp,is_exam,prerequisites,steps,sort_order) VALUES ('exam-pieces','class-pieces','Piece Movement Exam','Pass to graduate','📝','exam',60,1,'[]','[{"id":"q1","kind":"move","coach":"Exam Q1 — capture the pawn with your pawn.","fen":"k7/8/8/3p4/4P3/8/8/7K w - - 0 1","solution":["e4:d5"],"successText":"Correct.","failText":"Pawns capture diagonally.","tag":"exam"},{"id":"q2","kind":"move","coach":"Exam Q2 — capture the pawn with your rook.","fen":"k7/8/8/8/3p4/8/8/3R3K w - - 0 1","solution":["d1:d4"],"successText":"Correct.","failText":"Rooks move in straight lines.","tag":"exam"},{"id":"q3","kind":"move","coach":"Exam Q3 — capture the pawn with your knight.","fen":"k7/8/4p3/8/3N4/8/8/7K w - - 0 1","solution":["d4:e6"],"successText":"Correct.","failText":"Knights move in an L.","tag":"exam"}]',99);
INSERT INTO lessons (id,class_id,title,subtitle,emoji,tag,xp,is_exam,prerequisites,steps,sort_order) VALUES ('deliver-check','class-checkmate','Say Check!','Attack the king','⚡','checks',35,0,'["knight-hops"]','[{"id":"info","kind":"info","coach":"When you attack the enemy king, that''s CHECK. The opponent must respond at once.","fen":"k7/8/8/8/8/8/8/3RK3 w - - 0 1"},{"id":"give","kind":"move","coach":"Slide your rook to the 8th rank to put the black king in check!","fen":"k7/8/8/8/8/8/8/3RK3 w - - 0 1","solution":["d1:d8"],"highlight":["a8"],"successText":"Check! The king has to react.","failText":"Bring the rook to d8 — it attacks along the 8th rank to the king.","tag":"checks"}]',0);
INSERT INTO lessons (id,class_id,title,subtitle,emoji,tag,xp,is_exam,prerequisites,steps,sort_order) VALUES ('mate-in-one','class-checkmate','Checkmate!','End the game','👑','checkmate',45,0,'["deliver-check"]','[{"id":"info","kind":"info","coach":"Checkmate is a check the king cannot escape. It wins the game instantly.","fen":"6k1/5ppp/8/8/8/8/5PPP/R5K1 w - - 0 1"},{"id":"watch","kind":"observe","coach":"Watch the rook swing to the back rank — the king is fenced in by its own pawns.","fen":"6k1/5ppp/8/8/8/8/5PPP/R5K1 w - - 0 1","moves":["a1:a8"]},{"id":"mate","kind":"move","coach":"Now you do it — find the back-rank mate!","fen":"6k1/5ppp/8/8/8/8/5PPP/R5K1 w - - 0 1","solution":["a1:a8"],"highlight":["g8"],"successText":"Checkmate! The king can''t escape its own wall of pawns.","failText":"Send the rook all the way to a8 — the king is boxed in.","tag":"checkmate"}]',1);
INSERT INTO lessons (id,class_id,title,subtitle,emoji,tag,xp,is_exam,prerequisites,steps,sort_order) VALUES ('opening-principles','class-principles','Opening Rules','Centre, develop, castle','🚀','openings',40,0,'["pawn-power"]','[{"id":"info","kind":"info","coach":"Three golden rules: control the centre, develop your knights and bishops, and castle your king to safety.","fen":"rnbqkbnr/pppppppp/8/8/8/8/PPPPPPPP/RNBQKBNR w KQkq - 0 1"},{"id":"watch","kind":"observe","coach":"Watch ideal development: centre pawn, both knights, a bishop, then castling.","fen":"rnbqkbnr/pppppppp/8/8/8/8/PPPPPPPP/RNBQKBNR w KQkq - 0 1","moves":["e2:e4","e7:e5","g1:f3","b8:c6","f1:c4","g8:f6","e1:g1"]},{"id":"develop","kind":"move","coach":"Your turn: develop a knight toward the centre.","fen":"rnbqkbnr/pppp1ppp/8/4p3/4P3/8/PPPP1PPP/RNBQKBNR w KQkq - 0 2","solution":["g1:f3"],"highlight":["g1"],"successText":"Great — knights before bishops, toward the centre.","failText":"Develop the kingside knight from g1 to f3.","tag":"openings"}]',0);
INSERT INTO lessons (id,class_id,title,subtitle,emoji,tag,xp,is_exam,prerequisites,steps,sort_order) VALUES ('italian-game','class-openings','Italian Game','1.e4 e5 2.Nf3 Nc6 3.Bc4','🇮🇹','openings',50,0,'["opening-principles"]','[{"id":"info","kind":"info","coach":"The Italian Game is a classical opening: quick development and a bishop aimed at f7, Black''s weakest point.","fen":"rnbqkbnr/pppppppp/8/8/8/8/PPPPPPPP/RNBQKBNR w KQkq - 0 1"},{"id":"watch","kind":"observe","coach":"Watch the main line of the Italian Game unfold.","fen":"rnbqkbnr/pppppppp/8/8/8/8/PPPPPPPP/RNBQKBNR w KQkq - 0 1","moves":["e2:e4","e7:e5","g1:f3","b8:c6","f1:c4"]},{"id":"try","kind":"move","coach":"Play the move that defines the Italian — develop the bishop to eye f7.","fen":"r1bqkbnr/pppp1ppp/2n5/4p3/4P3/5N2/PPPP1PPP/RNBQKB1R w KQkq - 4 3","solution":["f1:c4"],"highlight":["f1","f7"],"successText":"That''s the Italian Bishop — pointing straight at f7!","failText":"Develop the light-squared bishop from f1 to c4.","tag":"openings"}]',0);
INSERT INTO lessons (id,class_id,title,subtitle,emoji,tag,xp,is_exam,prerequisites,steps,sort_order) VALUES ('ruy-lopez','class-openings','Ruy Lopez','1.e4 e5 2.Nf3 Nc6 3.Bb5','🇪🇸','openings',50,0,'["italian-game"]','[{"id":"info","kind":"info","coach":"The Ruy Lopez pressures the c6 knight that defends e5 — one of the most respected openings in chess.","fen":"rnbqkbnr/pppppppp/8/8/8/8/PPPPPPPP/RNBQKBNR w KQkq - 0 1"},{"id":"watch","kind":"observe","coach":"Watch the Spanish bishop pin the defender of e5.","fen":"rnbqkbnr/pppppppp/8/8/8/8/PPPPPPPP/RNBQKBNR w KQkq - 0 1","moves":["e2:e4","e7:e5","g1:f3","b8:c6","f1:b5"]},{"id":"try","kind":"move","coach":"Play the Ruy Lopez move — attack the knight on c6.","fen":"r1bqkbnr/pppp1ppp/2n5/4p3/4P3/5N2/PPPP1PPP/RNBQKB1R w KQkq - 4 3","solution":["f1:b5"],"highlight":["f1","c6"],"successText":"The Spanish bishop — pressure on c6!","failText":"Develop the bishop from f1 to b5, attacking the knight.","tag":"openings"}]',1);
INSERT INTO lessons (id,class_id,title,subtitle,emoji,tag,xp,is_exam,prerequisites,steps,sort_order) VALUES ('sicilian-defense','class-openings','Sicilian Defense','Black fights for the centre','⚔️','openings',50,0,'["italian-game"]','[{"id":"info","kind":"info","coach":"Against 1.e4, the Sicilian (1...c5) fights for the centre asymmetrically — the most popular reply at every level.","fen":"rnbqkbnr/pppppppp/8/8/8/8/PPPPPPPP/RNBQKBNR w KQkq - 0 1"},{"id":"watch","kind":"observe","coach":"Watch the Open Sicilian: White trades the d-pawn for active piece play.","fen":"rnbqkbnr/pppppppp/8/8/8/8/PPPPPPPP/RNBQKBNR w KQkq - 0 1","moves":["e2:e4","c7:c5","g1:f3","d7:d6","d2:d4","c5:d4","f3:d4","g8:f6","b1:c3"]},{"id":"try","kind":"move","coach":"Facing the Sicilian, develop your knight and prepare d4.","fen":"rnbqkbnr/pp1ppppp/8/2p5/4P3/8/PPPP1PPP/RNBQKBNR w KQkq c6 0 2","solution":["g1:f3"],"highlight":["g1"],"successText":"Develop and prepare to strike with d4.","failText":"Develop the knight from g1 to f3.","tag":"openings"}]',2);
INSERT INTO lessons (id,class_id,title,subtitle,emoji,tag,xp,is_exam,prerequisites,steps,sort_order) VALUES ('fork-master','class-tactics','The Fork','Two targets, one move','🍴','fork',50,0,'["knight-hops"]','[{"id":"info","kind":"info","coach":"A FORK attacks two pieces at once. Knights are the deadliest forkers.","fen":"r3k3/8/8/3N4/8/8/8/4K3 w - - 0 1"},{"id":"watch","kind":"observe","coach":"Watch the knight leap to c7 — checking the king and hitting the rook.","fen":"r3k3/8/8/3N4/8/8/8/4K3 w - - 0 1","moves":["d5:c7"]},{"id":"fork","kind":"move","coach":"Your turn — find the royal fork!","fen":"r3k3/8/8/3N4/8/8/8/4K3 w - - 0 1","solution":["d5:c7"],"successText":"Royal fork! You check the king and win the rook next move.","failText":"Look for Nc7 — it checks the king on e8 and hits the rook on a8.","tag":"fork"}]',0);
INSERT INTO lessons (id,class_id,title,subtitle,emoji,tag,xp,is_exam,prerequisites,steps,sort_order) VALUES ('pin-it','class-advtactics','The Pin','Freeze a defender','📌','pin',50,0,'["fork-master"]','[{"id":"info","kind":"info","coach":"A PIN freezes a piece: it can''t move because a more valuable piece sits behind it. Pin the knight that guards e5.","fen":"r1bqkbnr/pppp1ppp/2n5/4p3/4P3/5N2/PPPP1PPP/RNBQKB1R w KQkq - 4 3"},{"id":"pin","kind":"move","coach":"Play the bishop move that pins the c6 knight to the king.","fen":"r1bqkbnr/pppp1ppp/2n5/4p3/4P3/5N2/PPPP1PPP/RNBQKB1R w KQkq - 4 3","solution":["f1:b5"],"highlight":["c6"],"successText":"Pinned! The knight can''t move — it shields its king.","failText":"Bishop to b5 pins the knight on c6 to the king on e8.","tag":"pin"}]',0);
INSERT INTO lessons (id,class_id,title,subtitle,emoji,tag,xp,is_exam,prerequisites,steps,sort_order) VALUES ('skewer-it','class-advtactics','The Skewer','Attack through a king','🍢','skewer',50,0,'["pin-it"]','[{"id":"info","kind":"info","coach":"A SKEWER is a pin in reverse: check the king so it must step aside, then capture the piece behind it.","fen":"q7/8/8/k7/8/8/8/1R4K1 w - - 0 1"},{"id":"skewer","kind":"move","coach":"Check the king along the a-file — next move you''ll win the queen!","fen":"q7/8/8/k7/8/8/8/1R4K1 w - - 0 1","solution":["b1:a1"],"highlight":["a8"],"successText":"Skewer! The king must move and the queen falls.","failText":"Rook to a1 checks the king; the queen on a8 is then exposed.","tag":"skewer"}]',1);
INSERT INTO lessons (id,class_id,title,subtitle,emoji,tag,xp,is_exam,prerequisites,steps,sort_order) VALUES ('discovered-attack','class-advtactics','Discovered Attack','Unmask a hidden threat','🎭','discovery',55,0,'["skewer-it"]','[{"id":"info","kind":"info","coach":"A DISCOVERED ATTACK: move one piece to unveil an attack from the piece behind it. Your knight hides the rook''s aim at the queen.","fen":"q5k1/8/8/8/8/N7/8/R5K1 w - - 0 1"},{"id":"discover","kind":"move","coach":"Move the knight off the a-file to discover your rook''s attack on the queen.","fen":"q5k1/8/8/8/8/N7/8/R5K1 w - - 0 1","solution":["a3:c4","a3:b5","a3:c2"],"highlight":["a8"],"successText":"Discovered! The rook now attacks the queen on a8.","failText":"Move the knight away from the a-file (e.g. to c4) to unveil the rook.","tag":"discovery"}]',2);
INSERT INTO lessons (id,class_id,title,subtitle,emoji,tag,xp,is_exam,prerequisites,steps,sort_order) VALUES ('endgame-opposition','class-endgame','The Opposition','King vs king','🤴','opposition',45,0,'["mate-in-one"]','[{"id":"info","kind":"info","coach":"In king endgames, the OPPOSITION wins ground: stand your king directly facing the enemy with one square between — the side NOT to move must give way.","fen":"4k3/8/8/8/8/8/8/4K3 w - - 0 1"},{"id":"watch","kind":"observe","coach":"Watch White march up and seize the opposition on e4 vs e6.","fen":"4k3/8/8/8/8/8/8/4K3 w - - 0 1","moves":["e1:e2","e8:e7","e2:e3","e7:e6","e3:e4"]}]',0);
INSERT INTO lessons (id,class_id,title,subtitle,emoji,tag,xp,is_exam,prerequisites,steps,sort_order) VALUES ('endgame-promotion','class-endgame','Queening a Pawn','Promotion','👑','endgame',45,0,'["endgame-opposition"]','[{"id":"info","kind":"info","coach":"A pawn that reaches the last rank becomes a queen. Converting an extra pawn is how most endgames are won.","fen":"8/4P3/8/8/8/8/8/4K1k1 w - - 0 1"},{"id":"promote","kind":"move","coach":"Push the pawn home — promote to a queen!","fen":"8/4P3/8/8/8/8/8/4K1k1 w - - 0 1","solution":["e7:e8"],"highlight":["e7","e8"],"successText":"A brand-new queen! That''s a winning advantage.","failText":"Advance the e7 pawn to e8 to promote.","tag":"endgame"}]',1);
INSERT INTO lessons (id,class_id,title,subtitle,emoji,tag,xp,is_exam,prerequisites,steps,sort_order) VALUES ('endgame-qmate','class-endgame','King & Queen Mate','Finish the game','♛','checkmate',55,0,'["endgame-promotion"]','[{"id":"info","kind":"info","coach":"With a queen and king you can force mate against a lone king. The king does the cornering, the queen delivers.","fen":"k7/4Q3/1K6/8/8/8/8/8 w - - 0 1"},{"id":"watch","kind":"observe","coach":"Watch the queen step in, protected by the king — checkmate.","fen":"k7/4Q3/1K6/8/8/8/8/8 w - - 0 1","moves":["e7:a7"]},{"id":"mate","kind":"move","coach":"Now you deliver it — the king on b6 guards the queen.","fen":"k7/4Q3/1K6/8/8/8/8/8 w - - 0 1","solution":["e7:a7"],"highlight":["a8"],"successText":"Checkmate! King and queen working as a team.","failText":"Bring the queen to a7 — your king on b6 protects her.","tag":"checkmate"}]',2);
INSERT INTO lessons (id,class_id,title,subtitle,emoji,tag,xp,is_exam,prerequisites,steps,sort_order) VALUES ('sem-gen-openings-c1-l1','sem-gen-openings-c1','Italian Game: Main Line','1.e4 e5 2.Nf3 Nc6 3.Bc4','🇮🇹','opening',20,0,'[]','[{"id":"intro","kind":"info","coach":"The Italian Game — one of chess''s great openings. Watch the main line, then play it yourself.","fen":"rnbqkbnr/pppppppp/8/8/8/8/PPPPPPPP/RNBQKBNR w KQkq - 0 1"},{"id":"watch","kind":"observe","coach":"Watch the Italian Game unfold move by move.","fen":"rnbqkbnr/pppppppp/8/8/8/8/PPPPPPPP/RNBQKBNR w KQkq - 0 1","moves":["e2:e4","e7:e5","g1:f3","b8:c6","f1:c4"]}]',0);
INSERT INTO lessons (id,class_id,title,subtitle,emoji,tag,xp,is_exam,prerequisites,steps,sort_order) VALUES ('sem-gen-openings-c1-l2','sem-gen-openings-c1','Italian Game: Key Moves 1','2 moves','🇮🇹','opening',15,0,'[]','[{"id":"s0","kind":"move","coach":"Play the Italian Game''s next book move.","fen":"rnbqkbnr/pppppppp/8/8/8/8/PPPPPPPP/RNBQKBNR w KQkq - 0 1","solution":["e2:e4"],"highlight":["e4"],"successText":"Right move!","failText":"That''s not the main line — try again.","tag":"opening"},{"id":"s1","kind":"move","coach":"Play the Italian Game''s next book move.","fen":"rnbqkbnr/pppp1ppp/8/4p3/4P3/8/PPPP1PPP/RNBQKBNR w KQkq - 0 2","solution":["g1:f3"],"highlight":["f3"],"successText":"Right move!","failText":"That''s not the main line — try again.","tag":"opening"}]',1);
INSERT INTO lessons (id,class_id,title,subtitle,emoji,tag,xp,is_exam,prerequisites,steps,sort_order) VALUES ('sem-gen-openings-c1-l3','sem-gen-openings-c1','Italian Game: Key Moves 2','1 moves','🇮🇹','opening',15,0,'[]','[{"id":"s0","kind":"move","coach":"Play the Italian Game''s next book move.","fen":"r1bqkbnr/pppp1ppp/2n5/4p3/4P3/5N2/PPPP1PPP/RNBQKB1R w KQkq - 2 3","solution":["f1:c4"],"highlight":["c4"],"successText":"Right move!","failText":"That''s not the main line — try again.","tag":"opening"}]',2);
INSERT INTO lessons (id,class_id,title,subtitle,emoji,tag,xp,is_exam,prerequisites,steps,sort_order) VALUES ('sem-gen-openings-c2-l1','sem-gen-openings-c2','Ruy Lopez: Main Line','1.e4 e5 2.Nf3 Nc6 3.Bb5','🇪🇸','opening',20,0,'[]','[{"id":"intro","kind":"info","coach":"The Ruy Lopez — one of chess''s great openings. Watch the main line, then play it yourself.","fen":"rnbqkbnr/pppppppp/8/8/8/8/PPPPPPPP/RNBQKBNR w KQkq - 0 1"},{"id":"watch","kind":"observe","coach":"Watch the Ruy Lopez unfold move by move.","fen":"rnbqkbnr/pppppppp/8/8/8/8/PPPPPPPP/RNBQKBNR w KQkq - 0 1","moves":["e2:e4","e7:e5","g1:f3","b8:c6","f1:b5"]}]',0);
INSERT INTO lessons (id,class_id,title,subtitle,emoji,tag,xp,is_exam,prerequisites,steps,sort_order) VALUES ('sem-gen-openings-c2-l2','sem-gen-openings-c2','Ruy Lopez: Key Moves 1','2 moves','🇪🇸','opening',15,0,'[]','[{"id":"s0","kind":"move","coach":"Play the Ruy Lopez''s next book move.","fen":"rnbqkbnr/pppppppp/8/8/8/8/PPPPPPPP/RNBQKBNR w KQkq - 0 1","solution":["e2:e4"],"highlight":["e4"],"successText":"Right move!","failText":"That''s not the main line — try again.","tag":"opening"},{"id":"s1","kind":"move","coach":"Play the Ruy Lopez''s next book move.","fen":"rnbqkbnr/pppp1ppp/8/4p3/4P3/8/PPPP1PPP/RNBQKBNR w KQkq - 0 2","solution":["g1:f3"],"highlight":["f3"],"successText":"Right move!","failText":"That''s not the main line — try again.","tag":"opening"}]',1);
INSERT INTO lessons (id,class_id,title,subtitle,emoji,tag,xp,is_exam,prerequisites,steps,sort_order) VALUES ('sem-gen-openings-c2-l3','sem-gen-openings-c2','Ruy Lopez: Key Moves 2','1 moves','🇪🇸','opening',15,0,'[]','[{"id":"s0","kind":"move","coach":"Play the Ruy Lopez''s next book move.","fen":"r1bqkbnr/pppp1ppp/2n5/4p3/4P3/5N2/PPPP1PPP/RNBQKB1R w KQkq - 2 3","solution":["f1:b5"],"highlight":["b5"],"successText":"Right move!","failText":"That''s not the main line — try again.","tag":"opening"}]',2);
INSERT INTO lessons (id,class_id,title,subtitle,emoji,tag,xp,is_exam,prerequisites,steps,sort_order) VALUES ('sem-gen-openings-c3-l1','sem-gen-openings-c3','Sicilian Defense: Main Line','The Open Sicilian','⚔️','opening',20,0,'[]','[{"id":"intro","kind":"info","coach":"The Sicilian Defense — one of chess''s great openings. Watch the main line, then play it yourself.","fen":"rnbqkbnr/pppppppp/8/8/8/8/PPPPPPPP/RNBQKBNR w KQkq - 0 1"},{"id":"watch","kind":"observe","coach":"Watch the Sicilian Defense unfold move by move.","fen":"rnbqkbnr/pppppppp/8/8/8/8/PPPPPPPP/RNBQKBNR w KQkq - 0 1","moves":["e2:e4","c7:c5","g1:f3","d7:d6","d2:d4","c5:d4","f3:d4","g8:f6","b1:c3"]}]',0);
INSERT INTO lessons (id,class_id,title,subtitle,emoji,tag,xp,is_exam,prerequisites,steps,sort_order) VALUES ('sem-gen-openings-c3-l2','sem-gen-openings-c3','Sicilian Defense: Key Moves 1','2 moves','⚔️','opening',15,0,'[]','[{"id":"s0","kind":"move","coach":"Play the Sicilian Defense''s next book move.","fen":"rnbqkbnr/pppppppp/8/8/8/8/PPPPPPPP/RNBQKBNR w KQkq - 0 1","solution":["e2:e4"],"highlight":["e4"],"successText":"Right move!","failText":"That''s not the main line — try again.","tag":"opening"},{"id":"s1","kind":"move","coach":"Play the Sicilian Defense''s next book move.","fen":"rnbqkbnr/pp1ppppp/8/2p5/4P3/8/PPPP1PPP/RNBQKBNR w KQkq - 0 2","solution":["g1:f3"],"highlight":["f3"],"successText":"Right move!","failText":"That''s not the main line — try again.","tag":"opening"}]',1);
INSERT INTO lessons (id,class_id,title,subtitle,emoji,tag,xp,is_exam,prerequisites,steps,sort_order) VALUES ('sem-gen-openings-c3-l3','sem-gen-openings-c3','Sicilian Defense: Key Moves 2','2 moves','⚔️','opening',15,0,'[]','[{"id":"s0","kind":"move","coach":"Play the Sicilian Defense''s next book move.","fen":"rnbqkbnr/pp2pppp/3p4/2p5/4P3/5N2/PPPP1PPP/RNBQKB1R w KQkq - 0 3","solution":["d2:d4"],"highlight":["d4"],"successText":"Right move!","failText":"That''s not the main line — try again.","tag":"opening"},{"id":"s1","kind":"move","coach":"Play the Sicilian Defense''s next book move.","fen":"rnbqkbnr/pp2pppp/3p4/8/3pP3/5N2/PPP2PPP/RNBQKB1R w KQkq - 0 4","solution":["f3:d4"],"highlight":["d4"],"successText":"Right move!","failText":"That''s not the main line — try again.","tag":"opening"}]',2);
INSERT INTO lessons (id,class_id,title,subtitle,emoji,tag,xp,is_exam,prerequisites,steps,sort_order) VALUES ('sem-gen-openings-c3-l4','sem-gen-openings-c3','Sicilian Defense: Key Moves 3','1 moves','⚔️','opening',15,0,'[]','[{"id":"s0","kind":"move","coach":"Play the Sicilian Defense''s next book move.","fen":"rnbqkb1r/pp2pppp/3p1n2/8/3NP3/8/PPP2PPP/RNBQKB1R w KQkq - 1 5","solution":["b1:c3"],"highlight":["c3"],"successText":"Right move!","failText":"That''s not the main line — try again.","tag":"opening"}]',3);
INSERT INTO lessons (id,class_id,title,subtitle,emoji,tag,xp,is_exam,prerequisites,steps,sort_order) VALUES ('sem-gen-openings-c4-l1','sem-gen-openings-c4','French Defense: Main Line','1.e4 e6 2.d4 d5','🇫🇷','opening',20,0,'[]','[{"id":"intro","kind":"info","coach":"The French Defense — one of chess''s great openings. Watch the main line, then play it yourself.","fen":"rnbqkbnr/pppppppp/8/8/8/8/PPPPPPPP/RNBQKBNR w KQkq - 0 1"},{"id":"watch","kind":"observe","coach":"Watch the French Defense unfold move by move.","fen":"rnbqkbnr/pppppppp/8/8/8/8/PPPPPPPP/RNBQKBNR w KQkq - 0 1","moves":["e2:e4","e7:e6","d2:d4","d7:d5"]}]',0);
INSERT INTO lessons (id,class_id,title,subtitle,emoji,tag,xp,is_exam,prerequisites,steps,sort_order) VALUES ('sem-gen-openings-c4-l2','sem-gen-openings-c4','French Defense: Key Moves 1','2 moves','🇫🇷','opening',15,0,'[]','[{"id":"s0","kind":"move","coach":"Play the French Defense''s next book move.","fen":"rnbqkbnr/pppppppp/8/8/8/8/PPPPPPPP/RNBQKBNR w KQkq - 0 1","solution":["e2:e4"],"highlight":["e4"],"successText":"Right move!","failText":"That''s not the main line — try again.","tag":"opening"},{"id":"s1","kind":"move","coach":"Play the French Defense''s next book move.","fen":"rnbqkbnr/pppp1ppp/4p3/8/4P3/8/PPPP1PPP/RNBQKBNR w KQkq - 0 2","solution":["d2:d4"],"highlight":["d4"],"successText":"Right move!","failText":"That''s not the main line — try again.","tag":"opening"}]',1);
INSERT INTO lessons (id,class_id,title,subtitle,emoji,tag,xp,is_exam,prerequisites,steps,sort_order) VALUES ('sem-gen-openings-c5-l1','sem-gen-openings-c5','Caro-Kann: Main Line','1.e4 c6 2.d4 d5','🛡️','opening',20,0,'[]','[{"id":"intro","kind":"info","coach":"The Caro-Kann — one of chess''s great openings. Watch the main line, then play it yourself.","fen":"rnbqkbnr/pppppppp/8/8/8/8/PPPPPPPP/RNBQKBNR w KQkq - 0 1"},{"id":"watch","kind":"observe","coach":"Watch the Caro-Kann unfold move by move.","fen":"rnbqkbnr/pppppppp/8/8/8/8/PPPPPPPP/RNBQKBNR w KQkq - 0 1","moves":["e2:e4","c7:c6","d2:d4","d7:d5"]}]',0);
INSERT INTO lessons (id,class_id,title,subtitle,emoji,tag,xp,is_exam,prerequisites,steps,sort_order) VALUES ('sem-gen-openings-c5-l2','sem-gen-openings-c5','Caro-Kann: Key Moves 1','2 moves','🛡️','opening',15,0,'[]','[{"id":"s0","kind":"move","coach":"Play the Caro-Kann''s next book move.","fen":"rnbqkbnr/pppppppp/8/8/8/8/PPPPPPPP/RNBQKBNR w KQkq - 0 1","solution":["e2:e4"],"highlight":["e4"],"successText":"Right move!","failText":"That''s not the main line — try again.","tag":"opening"},{"id":"s1","kind":"move","coach":"Play the Caro-Kann''s next book move.","fen":"rnbqkbnr/pp1ppppp/2p5/8/4P3/8/PPPP1PPP/RNBQKBNR w KQkq - 0 2","solution":["d2:d4"],"highlight":["d4"],"successText":"Right move!","failText":"That''s not the main line — try again.","tag":"opening"}]',1);
INSERT INTO lessons (id,class_id,title,subtitle,emoji,tag,xp,is_exam,prerequisites,steps,sort_order) VALUES ('sem-gen-openings-c6-l1','sem-gen-openings-c6','Scandinavian: Main Line','1.e4 d5','🇩🇰','opening',20,0,'[]','[{"id":"intro","kind":"info","coach":"The Scandinavian — one of chess''s great openings. Watch the main line, then play it yourself.","fen":"rnbqkbnr/pppppppp/8/8/8/8/PPPPPPPP/RNBQKBNR w KQkq - 0 1"},{"id":"watch","kind":"observe","coach":"Watch the Scandinavian unfold move by move.","fen":"rnbqkbnr/pppppppp/8/8/8/8/PPPPPPPP/RNBQKBNR w KQkq - 0 1","moves":["e2:e4","d7:d5","e4:d5","d8:d5","b1:c3"]}]',0);
INSERT INTO lessons (id,class_id,title,subtitle,emoji,tag,xp,is_exam,prerequisites,steps,sort_order) VALUES ('sem-gen-openings-c6-l2','sem-gen-openings-c6','Scandinavian: Key Moves 1','2 moves','🇩🇰','opening',15,0,'[]','[{"id":"s0","kind":"move","coach":"Play the Scandinavian''s next book move.","fen":"rnbqkbnr/pppppppp/8/8/8/8/PPPPPPPP/RNBQKBNR w KQkq - 0 1","solution":["e2:e4"],"highlight":["e4"],"successText":"Right move!","failText":"That''s not the main line — try again.","tag":"opening"},{"id":"s1","kind":"move","coach":"Play the Scandinavian''s next book move.","fen":"rnbqkbnr/ppp1pppp/8/3p4/4P3/8/PPPP1PPP/RNBQKBNR w KQkq - 0 2","solution":["e4:d5"],"highlight":["d5"],"successText":"Right move!","failText":"That''s not the main line — try again.","tag":"opening"}]',1);
INSERT INTO lessons (id,class_id,title,subtitle,emoji,tag,xp,is_exam,prerequisites,steps,sort_order) VALUES ('sem-gen-openings-c6-l3','sem-gen-openings-c6','Scandinavian: Key Moves 2','1 moves','🇩🇰','opening',15,0,'[]','[{"id":"s0","kind":"move","coach":"Play the Scandinavian''s next book move.","fen":"rnb1kbnr/ppp1pppp/8/3q4/8/8/PPPP1PPP/RNBQKBNR w KQkq - 0 3","solution":["b1:c3"],"highlight":["c3"],"successText":"Right move!","failText":"That''s not the main line — try again.","tag":"opening"}]',2);
INSERT INTO lessons (id,class_id,title,subtitle,emoji,tag,xp,is_exam,prerequisites,steps,sort_order) VALUES ('sem-gen-openings-c7-l1','sem-gen-openings-c7','Queen''s Gambit: Main Line','1.d4 d5 2.c4','♕','opening',20,0,'[]','[{"id":"intro","kind":"info","coach":"The Queen''s Gambit — one of chess''s great openings. Watch the main line, then play it yourself.","fen":"rnbqkbnr/pppppppp/8/8/8/8/PPPPPPPP/RNBQKBNR w KQkq - 0 1"},{"id":"watch","kind":"observe","coach":"Watch the Queen''s Gambit unfold move by move.","fen":"rnbqkbnr/pppppppp/8/8/8/8/PPPPPPPP/RNBQKBNR w KQkq - 0 1","moves":["d2:d4","d7:d5","c2:c4"]}]',0);
INSERT INTO lessons (id,class_id,title,subtitle,emoji,tag,xp,is_exam,prerequisites,steps,sort_order) VALUES ('sem-gen-openings-c7-l2','sem-gen-openings-c7','Queen''s Gambit: Key Moves 1','2 moves','♕','opening',15,0,'[]','[{"id":"s0","kind":"move","coach":"Play the Queen''s Gambit''s next book move.","fen":"rnbqkbnr/pppppppp/8/8/8/8/PPPPPPPP/RNBQKBNR w KQkq - 0 1","solution":["d2:d4"],"highlight":["d4"],"successText":"Right move!","failText":"That''s not the main line — try again.","tag":"opening"},{"id":"s1","kind":"move","coach":"Play the Queen''s Gambit''s next book move.","fen":"rnbqkbnr/ppp1pppp/8/3p4/3P4/8/PPP1PPPP/RNBQKBNR w KQkq - 0 2","solution":["c2:c4"],"highlight":["c4"],"successText":"Right move!","failText":"That''s not the main line — try again.","tag":"opening"}]',1);
INSERT INTO lessons (id,class_id,title,subtitle,emoji,tag,xp,is_exam,prerequisites,steps,sort_order) VALUES ('sem-gen-openings-c8-l1','sem-gen-openings-c8','King''s Indian: Main Line','1.d4 Nf6 2.c4 g6','🏰','opening',20,0,'[]','[{"id":"intro","kind":"info","coach":"The King''s Indian — one of chess''s great openings. Watch the main line, then play it yourself.","fen":"rnbqkbnr/pppppppp/8/8/8/8/PPPPPPPP/RNBQKBNR w KQkq - 0 1"},{"id":"watch","kind":"observe","coach":"Watch the King''s Indian unfold move by move.","fen":"rnbqkbnr/pppppppp/8/8/8/8/PPPPPPPP/RNBQKBNR w KQkq - 0 1","moves":["d2:d4","g8:f6","c2:c4","g7:g6","b1:c3","f8:g7"]}]',0);
INSERT INTO lessons (id,class_id,title,subtitle,emoji,tag,xp,is_exam,prerequisites,steps,sort_order) VALUES ('sem-gen-openings-c8-l2','sem-gen-openings-c8','King''s Indian: Key Moves 1','2 moves','🏰','opening',15,0,'[]','[{"id":"s0","kind":"move","coach":"Play the King''s Indian''s next book move.","fen":"rnbqkbnr/pppppppp/8/8/8/8/PPPPPPPP/RNBQKBNR w KQkq - 0 1","solution":["d2:d4"],"highlight":["d4"],"successText":"Right move!","failText":"That''s not the main line — try again.","tag":"opening"},{"id":"s1","kind":"move","coach":"Play the King''s Indian''s next book move.","fen":"rnbqkb1r/pppppppp/5n2/8/3P4/8/PPP1PPPP/RNBQKBNR w KQkq - 1 2","solution":["c2:c4"],"highlight":["c4"],"successText":"Right move!","failText":"That''s not the main line — try again.","tag":"opening"}]',1);
INSERT INTO lessons (id,class_id,title,subtitle,emoji,tag,xp,is_exam,prerequisites,steps,sort_order) VALUES ('sem-gen-openings-c8-l3','sem-gen-openings-c8','King''s Indian: Key Moves 2','1 moves','🏰','opening',15,0,'[]','[{"id":"s0","kind":"move","coach":"Play the King''s Indian''s next book move.","fen":"rnbqkb1r/pppppp1p/5np1/8/2PP4/8/PP2PPPP/RNBQKBNR w KQkq - 0 3","solution":["b1:c3"],"highlight":["c3"],"successText":"Right move!","failText":"That''s not the main line — try again.","tag":"opening"}]',2);
INSERT INTO lessons (id,class_id,title,subtitle,emoji,tag,xp,is_exam,prerequisites,steps,sort_order) VALUES ('sem-gen-openings-c9-l1','sem-gen-openings-c9','London System: Main Line','1.d4 d5 2.Nf3 Nf6 3.Bf4','🌉','opening',20,0,'[]','[{"id":"intro","kind":"info","coach":"The London System — one of chess''s great openings. Watch the main line, then play it yourself.","fen":"rnbqkbnr/pppppppp/8/8/8/8/PPPPPPPP/RNBQKBNR w KQkq - 0 1"},{"id":"watch","kind":"observe","coach":"Watch the London System unfold move by move.","fen":"rnbqkbnr/pppppppp/8/8/8/8/PPPPPPPP/RNBQKBNR w KQkq - 0 1","moves":["d2:d4","d7:d5","g1:f3","g8:f6","c1:f4"]}]',0);
INSERT INTO lessons (id,class_id,title,subtitle,emoji,tag,xp,is_exam,prerequisites,steps,sort_order) VALUES ('sem-gen-openings-c9-l2','sem-gen-openings-c9','London System: Key Moves 1','2 moves','🌉','opening',15,0,'[]','[{"id":"s0","kind":"move","coach":"Play the London System''s next book move.","fen":"rnbqkbnr/pppppppp/8/8/8/8/PPPPPPPP/RNBQKBNR w KQkq - 0 1","solution":["d2:d4"],"highlight":["d4"],"successText":"Right move!","failText":"That''s not the main line — try again.","tag":"opening"},{"id":"s1","kind":"move","coach":"Play the London System''s next book move.","fen":"rnbqkbnr/ppp1pppp/8/3p4/3P4/8/PPP1PPPP/RNBQKBNR w KQkq - 0 2","solution":["g1:f3"],"highlight":["f3"],"successText":"Right move!","failText":"That''s not the main line — try again.","tag":"opening"}]',1);
INSERT INTO lessons (id,class_id,title,subtitle,emoji,tag,xp,is_exam,prerequisites,steps,sort_order) VALUES ('sem-gen-openings-c9-l3','sem-gen-openings-c9','London System: Key Moves 2','1 moves','🌉','opening',15,0,'[]','[{"id":"s0","kind":"move","coach":"Play the London System''s next book move.","fen":"rnbqkb1r/ppp1pppp/5n2/3p4/3P4/5N2/PPP1PPPP/RNBQKB1R w KQkq - 2 3","solution":["c1:f4"],"highlight":["f4"],"successText":"Right move!","failText":"That''s not the main line — try again.","tag":"opening"}]',2);
INSERT INTO lessons (id,class_id,title,subtitle,emoji,tag,xp,is_exam,prerequisites,steps,sort_order) VALUES ('sem-gen-openings-c10-l1','sem-gen-openings-c10','English Opening: Main Line','1.c4 e5 2.Nc3','🏴','opening',20,0,'[]','[{"id":"intro","kind":"info","coach":"The English Opening — one of chess''s great openings. Watch the main line, then play it yourself.","fen":"rnbqkbnr/pppppppp/8/8/8/8/PPPPPPPP/RNBQKBNR w KQkq - 0 1"},{"id":"watch","kind":"observe","coach":"Watch the English Opening unfold move by move.","fen":"rnbqkbnr/pppppppp/8/8/8/8/PPPPPPPP/RNBQKBNR w KQkq - 0 1","moves":["c2:c4","e7:e5","b1:c3"]}]',0);
INSERT INTO lessons (id,class_id,title,subtitle,emoji,tag,xp,is_exam,prerequisites,steps,sort_order) VALUES ('sem-gen-openings-c10-l2','sem-gen-openings-c10','English Opening: Key Moves 1','2 moves','🏴','opening',15,0,'[]','[{"id":"s0","kind":"move","coach":"Play the English Opening''s next book move.","fen":"rnbqkbnr/pppppppp/8/8/8/8/PPPPPPPP/RNBQKBNR w KQkq - 0 1","solution":["c2:c4"],"highlight":["c4"],"successText":"Right move!","failText":"That''s not the main line — try again.","tag":"opening"},{"id":"s1","kind":"move","coach":"Play the English Opening''s next book move.","fen":"rnbqkbnr/pppp1ppp/8/4p3/2P5/8/PP1PPPPP/RNBQKBNR w KQkq - 0 2","solution":["b1:c3"],"highlight":["c3"],"successText":"Right move!","failText":"That''s not the main line — try again.","tag":"opening"}]',1);
INSERT INTO lessons (id,class_id,title,subtitle,emoji,tag,xp,is_exam,prerequisites,steps,sort_order) VALUES ('sem-master-mates-c1-l1','sem-master-mates-c1','Smothered Mate','Deliver mate in one','🐴','mate',20,0,'[]','[{"id":"info","kind":"info","coach":"The king is hemmed in by its own pieces. Nf7 is the famous smothered mate.","fen":"6rk/6pp/3N4/8/8/8/8/7K w - - 0 1"},{"id":"mate","kind":"move","coach":"Deliver Smothered Mate!","fen":"6rk/6pp/3N4/8/8/8/8/7K w - - 0 1","solution":["d6:f7"],"highlight":["f7"],"successText":"Checkmate! 🏆","failText":"Not mate — find the finishing move.","tag":"mate"}]',0);
INSERT INTO lessons (id,class_id,title,subtitle,emoji,tag,xp,is_exam,prerequisites,steps,sort_order) VALUES ('sem-master-mates-c1-l2','sem-master-mates-c1','Arabian Mate','Deliver mate in one','🏜️','mate',20,0,'[]','[{"id":"info","kind":"info","coach":"Rook + knight in the corner: Rh7 — the knight guards the rook and covers g8.","fen":"7k/8/5N2/8/8/8/8/K6R w - - 0 1"},{"id":"mate","kind":"move","coach":"Deliver Arabian Mate!","fen":"7k/8/5N2/8/8/8/8/K6R w - - 0 1","solution":["h1:h7"],"highlight":["h7"],"successText":"Checkmate! 🏆","failText":"Not mate — find the finishing move.","tag":"mate"}]',1);
INSERT INTO lessons (id,class_id,title,subtitle,emoji,tag,xp,is_exam,prerequisites,steps,sort_order) VALUES ('sem-master-mates-c1-l3','sem-master-mates-c1','Back-Rank Mate','Deliver mate in one','🎯','mate',20,0,'[]','[{"id":"info","kind":"info","coach":"The king is trapped behind its own pawns. Ra8 delivers back-rank mate.","fen":"6k1/5ppp/8/8/8/8/8/R6K w - - 0 1"},{"id":"mate","kind":"move","coach":"Deliver Back-Rank Mate!","fen":"6k1/5ppp/8/8/8/8/8/R6K w - - 0 1","solution":["a1:a8"],"highlight":["a8"],"successText":"Checkmate! 🏆","failText":"Not mate — find the finishing move.","tag":"mate"}]',2);
INSERT INTO lessons (id,class_id,title,subtitle,emoji,tag,xp,is_exam,prerequisites,steps,sort_order) VALUES ('sem-master-mates-c2-l1','sem-master-mates-c2','Ladder Mate','Deliver mate in one','🪜','mate',20,0,'[]','[{"id":"info","kind":"info","coach":"Two rooks climb the board: one seals the 7th rank, the other mates on the 8th.","fen":"7k/R7/1R6/8/8/8/8/7K w - - 0 1"},{"id":"mate","kind":"move","coach":"Deliver Ladder Mate!","fen":"7k/R7/1R6/8/8/8/8/7K w - - 0 1","solution":["b6:b8"],"highlight":["b8"],"successText":"Checkmate! 🏆","failText":"Not mate — find the finishing move.","tag":"mate"}]',0);
INSERT INTO lessons (id,class_id,title,subtitle,emoji,tag,xp,is_exam,prerequisites,steps,sort_order) VALUES ('sem-master-mates-c2-l2','sem-master-mates-c2','Queen Mate','Deliver mate in one','👑','mate',20,0,'[]','[{"id":"info","kind":"info","coach":"Bring the queen beside the king, defended by your own king: Qg7 is mate.","fen":"6k1/8/5QK1/8/8/8/8/8 w - - 0 1"},{"id":"mate","kind":"move","coach":"Deliver Queen Mate!","fen":"6k1/8/5QK1/8/8/8/8/8 w - - 0 1","solution":["f6:g7"],"highlight":["g7"],"successText":"Checkmate! 🏆","failText":"Not mate — find the finishing move.","tag":"mate"}]',1);
INSERT INTO lessons (id,class_id,title,subtitle,emoji,tag,xp,is_exam,prerequisites,steps,sort_order) VALUES ('sem-master-mates-c2-l3','sem-master-mates-c2','Scholar''s Mate','Deliver mate in one','🎓','mate',20,0,'[]','[{"id":"info","kind":"info","coach":"The four-move attack: Qxf7 — the bishop guards the queen. Beware this trap!","fen":"r1bqkb1r/pppp1ppp/2n2n2/4p2Q/2B1P3/8/PPPP1PPP/RNB1K1NR w - - 0 1"},{"id":"mate","kind":"move","coach":"Deliver Scholar''s Mate!","fen":"r1bqkb1r/pppp1ppp/2n2n2/4p2Q/2B1P3/8/PPPP1PPP/RNB1K1NR w - - 0 1","solution":["h5:f7"],"highlight":["f7"],"successText":"Checkmate! 🏆","failText":"Not mate — find the finishing move.","tag":"mate"}]',2);
INSERT INTO lessons (id,class_id,title,subtitle,emoji,tag,xp,is_exam,prerequisites,steps,sort_order) VALUES ('sem-master-games-c1-l1','sem-master-games-c1','The Opera Game','Morphy, 1858','🎭','famous',25,0,'[]','[{"id":"intro","kind":"info","coach":"Morphy''s masterpiece: a queen sacrifice (Qb8+!!) sets up a rook mate. Watch the finish.","fen":"4kb1r/p2rqppp/5n2/1B2p1B1/4P3/1Q6/PPP2PPP/2K4R w k - 0 14"},{"id":"watch","kind":"observe","coach":"Watch the combination unfold…","fen":"4kb1r/p2rqppp/5n2/1B2p1B1/4P3/1Q6/PPP2PPP/2K4R w k - 0 14","moves":["h1:d1","e7:e6","b5:d7","f6:d7","b3:b8","d7:b8","d1:d8"]}]',0);
INSERT INTO lessons (id,class_id,title,subtitle,emoji,tag,xp,is_exam,prerequisites,steps,sort_order) VALUES ('sem-master-games-c1-l2','sem-master-games-c1','The Evergreen Game','Anderssen, 1852','🎭','famous',25,0,'[]','[{"id":"intro","kind":"info","coach":"Anderssen''s brilliancy ends with Qxd7+!! and a bishop net. Watch the combination.","fen":"1r2k1r1/pbppnp1p/1b3P2/8/Q7/B1PB1q2/P4PPP/3R2K1 w - - 0 21"},{"id":"watch","kind":"observe","coach":"Watch the combination unfold…","fen":"1r2k1r1/pbppnp1p/1b3P2/8/Q7/B1PB1q2/P4PPP/3R2K1 w - - 0 21","moves":["a4:d7","e8:d7","d3:f5","d7:e8","f5:d7","e8:f8","a3:e7"]}]',1);
